UTh_t,UTh_dt,z,sed,from_95_4,to_95_4,zo18,o18
-3154.6,10.8,2,0.131,-3177,-3134,2,-3.4796
-3158.5,12.7,2.5,0.13,-3186,-3135,2.5,-3.0976
-3162.3,14.7,3,0.13,-3194,-3137,3,-3.8236
-3166.2,16.6,3.5,0.13,-3203,-3138,3.5,-3.3885
-3170,17.8,4,0.13,-3208,-3140,4,-3.369
-3173.9,18.2,4.5,0.13,-3211,-3142,4.5,-3.0736
-3177.7,18.6,5,0.13,-3214,-3145,5,-3.7437
-3181.6,19.1,5.5,0.13,-3217,-3147,5.5,-2.7648
-3185.4,18.3,6,0.13,-3219,-3151,6,-3.4542
-3189.3,17.6,6.5,0.13,-3220,-3154,6.5,-3.5868
-3193.1,16.9,7,0.13,-3222,-3158,7,-3.3042
-3197,15.2,7.5,0.137,-3223,-3165,7.5,-3.2262
-3200.7,12.5,8,0.15,-3223,-3175,8,-3.3774
-3204.5,9.8,8.5,0.164,-3224,-3185,8.5,-3.2994
-3208.3,7.1,9,0.177,-3224,-3195,9,-3.3769
-3210.2,7.5,9.5,0.192,-3226,-3196,9.5,-3.22
-3212,7.8,10,0.208,-3229,-3197,10,-3.8846
-3213.9,8.1,10.5,0.223,-3231,-3198,10.5,-3.4654
-3215.8,8.4,11,0.239,-3233,-3199,11,-4.0364
-3217.6,8.7,11.5,0.255,-3236,-3200,11.5,-3.4241
-3219.5,9,12,0.27,-3238,-3201,12,-4.0104
-3221.3,8.2,12.5,0.243,-3238,-3205,12.5,-2.6543
-3223.2,7.3,13,0.215,-3238,-3209,13,-3.6972
-3225,6.4,13.5,0.188,-3239,-3213,13.5,-3.0284
-3226.8,5.6,14,0.161,-3239,-3216,14,-3.3524
-3228.7,4.7,14.5,0.133,-3239,-3220,14.5,-3.345
-3230.5,3.8,15,0.106,-3239,-3224,15,-3.6385
-3238.1,11.1,15.5,0.0961,-3264,-3224,15.5,-3.4306
-3245.7,18.3,16,0.086,-3288,-3224,16,-3.7023
-3253.3,25.6,16.5,0.0759,-3313,-3224,16.5,-3.5825
-3260.9,32.8,17,0.0659,-3337,-3224,17,-4.061
-3268.5,34.1,17.5,0.0658,-3341,-3226,17.5,-3.6893
-3276.1,35.4,18,0.0657,-3346,-3228,18,-3.9513
-3283.7,36.8,18.5,0.0656,-3350,-3229,18.5,-3.6485
-3291.3,38.1,19,0.0655,-3354,-3231,19,-4.0263
-3299,36.8,19.5,0.0657,-3357,-3235,19.5,-2.887
-3306.6,35.6,20,0.0659,-3361,-3240,20,-4.0712
-3314.3,34.3,20.5,0.0661,-3364,-3244,20.5,-3.8043
-3321.9,33,21,0.0663,-3367,-3248,21,-3.7381
-3329.3,26.6,21.5,0.0628,-3367,-3271,21.5,-3.4304
-3336.7,20.1,22,0.0592,-3367,-3293,22,-3.784
-3344.1,13.7,22.5,0.0556,-3367,-3316,22.5,-3.2689
-3351.5,7.2,23,0.0521,-3367,-3338,23,-3.7363
-3363.3,18.4,23.5,0.0494,-3405,-3338,23.5,-3.4812
-3375.1,29.5,24,0.0467,-3443,-3339,24,-3.5437
-3386.9,40.7,24.5,0.044,-3481,-3339,24.5,-3.1947
-3398.7,47.2,25,0.0426,-3503,-3341,25,-3.3507
-3410.4,49.2,25.5,0.0427,-3508,-3345,25.5,-3.1086
-3422.1,51.1,26,0.0428,-3514,-3348,26,-3.9523
-3433.8,53.1,26.5,0.0428,-3519,-3352,26.5,-3.2173
-3445.4,50.9,27,0.0429,-3521,-3359,27,-4.1537
-3457.1,48.7,27.5,0.0429,-3523,-3365,27.5,-3.3033
-3468.7,46.6,28,0.043,-3525,-3372,28,-3.7445
-3480.4,39.5,28.5,0.0482,-3526,-3394,28.5,-3.2993
-3491.9,27.6,29,0.0587,-3525,-3432,29,-3.5419
-3503.5,15.7,29.5,0.0691,-3525,-3471,29.5,-3.4852
-3515.1,3.7,30,0.0795,-3524,-3509,30,-3.7188
-3516.1,4,30.5,0.152,-3526,-3510,30.5,-3.518
-3517.1,4.3,31,0.224,-3527,-3510,31,-3.9818
-3518.1,4.5,31.5,0.297,-3529,-3511,31.5,-3.4915
-3519,4.8,32,0.369,-3531,-3511,32,-3.8196
-3520,5.1,32.5,0.441,-3532,-3512,32.5,-3.671
-3521,5.4,33,0.514,-3534,-3512,33,-4.0023
-3522,5.2,33.5,0.447,-3534,-3513,33.5,-3.3833
-3522.9,5,34,0.38,-3535,-3515,34,-3.9736
-3523.9,4.7,34.5,0.313,-3535,-3516,34.5,-3.617
-3524.9,4.5,35,0.246,-3535,-3517,35,-3.66
-3525.8,4.3,35.5,0.179,-3536,-3519,35.5,-4.0345
-3526.8,4.1,36,0.112,-3536,-3520,36,-4.0712
-3534.8,13.5,36.5,0.0998,-3567,-3519,36.5,-3.6115
-3542.7,22.9,37,0.0875,-3598,-3519,37,-4.0417
-3550.7,32.3,37.5,0.0753,-3629,-3518,37.5,-3.3031
-3558.7,41.7,38,0.0631,-3660,-3517,38,-3.6738
-3566.6,45,38.5,0.0632,-3672,-3518,38.5,-3.194
-3574.5,48.3,39,0.0633,-3683,-3519,39,-3.7237
-3582.4,51.6,39.5,0.0634,-3695,-3520,39.5,-3.4422
-3590.3,54.8,40,0.0635,-3706,-3521,40,-4.1462
-3598.1,56.5,40.5,0.0635,-3714,-3522,40.5,-3.6502
-3606,58.1,41,0.0634,-3722,-3524,41,-4.0376
-3613.8,59.7,41.5,0.0634,-3730,-3525,41.5,-4.0138
-3621.6,61.3,42,0.0633,-3738,-3526,42,-3.9463
-3629.6,61.9,42.5,0.0633,-3746,-3530,42.5,-3.8709
-3637.5,62.6,43,0.0633,-3754,-3534,43,-4.5157
-3645.5,63.3,43.5,0.0633,-3761,-3537,43.5,-4.0163
-3653.4,64,44,0.0633,-3769,-3541,44,-4.4523
-3661.3,63.3,44.5,0.0632,-3773,-3548,44.5,-3.8373
-3669.2,62.6,45,0.0631,-3777,-3554,45,-4.039
-3677,62,45.5,0.0631,-3781,-3561,45.5,-3.8762
-3684.9,61.3,46,0.063,-3785,-3567,46,-3.6815
-3692.9,59.7,46.5,0.0629,-3787,-3576,46.5,-3.6596
-3700.9,58.1,47,0.0627,-3790,-3585,47,-3.8597
-3708.9,56.5,47.5,0.0626,-3792,-3594,47.5,-3.6138
-3716.9,54.9,48,0.0625,-3794,-3603,48,-3.7412
-3724.9,51.6,48.5,0.0626,-3795,-3615,48.5,-3.3563
-3732.9,48.3,49,0.0627,-3796,-3628,49,-3.7158
-3740.9,45,49.5,0.0629,-3797,-3640,49.5,-3.736
-3748.9,41.7,50,0.063,-3798,-3652,50,-3.9182
-3756.8,33,50.5,0.0734,-3798,-3681,50.5,-3.5261
-3764.6,24.2,51,0.0837,-3797,-3711,51,-3.6589
-3772.5,15.5,51.5,0.0941,-3797,-3740,51.5,-3.8564
-3780.3,6.8,52,0.104,-3796,-3769,52,-3.8906
-3782,7.5,52.5,0.139,-3799,-3770,52.5,-3.7337
-3783.7,8.2,53,0.174,-3803,-3770,53,-3.9008
-3785.4,8.9,53.5,0.208,-3806,-3771,53.5,-3.4684
-3787.2,9.6,54,0.243,-3809,-3771,54,-3.8249
-3788.9,10.3,54.5,0.278,-3812,-3772,54.5,-3.7309
-3790.6,10.7,55,0.295,-3815,-3772,55,-3.9016
-3792.3,10.9,55.5,0.295,-3816,-3773,55.5,-3.7392
-3794,11.1,56,0.295,-3818,-3774,56,-3.9198
-3795.7,11.2,56.5,0.295,-3819,-3775,56.5,-3.8893
-3797.3,11.4,57,0.295,-3821,-3776,57,-4.0077
-3799,11.5,57.5,0.295,-3822,-3777,57.5,-3.9004
-3800.7,11.2,58,0.295,-3823,-3779,58,-4.1462
-3802.4,10.9,58.5,0.294,-3823,-3781,58.5,-3.8949
-3804.1,10.6,59,0.294,-3824,-3782,59,-4.0234
-3805.8,10.3,59.5,0.294,-3825,-3784,59.5,-3.8214
-3807.5,10,60,0.294,-3826,-3786,60,-3.9889
-3809.2,9.2,60.5,0.276,-3826,-3789,60.5,-3.89
-3810.9,8,61,0.241,-3826,-3794,61,-3.9802
-3812.6,6.8,61.5,0.205,-3826,-3799,61.5,-4.1032
-3814.3,5.6,62,0.17,-3826,-3804,62,-3.7995
-3816,4.4,62.5,0.135,-3826,-3808,62.5,-4.1075
-3817.7,3.2,63,0.0997,-3826,-3813,63,-4.2253
-3826,13.2,63.5,0.0897,-3859,-3812,63.5,-4.2166
-3834.4,23.3,64,0.0798,-3891,-3811,64,-4.2094
-3842.7,33.3,64.5,0.0698,-3924,-3810,64.5,-4.0232
-3851.1,43.3,65,0.0599,-3956,-3809,65,-4.2692
-3859.4,46.9,65.5,0.0599,-3970,-3810,65.5,-3.3344
-3867.8,50.5,66,0.0599,-3984,-3811,66,-4.0625
-3876.2,54.1,66.5,0.0598,-3998,-3812,66.5,-3.5434
-3884.6,57.7,67,0.0598,-4012,-3813,67,-3.2801
-3892.9,59.4,67.5,0.0598,-4019,-3814,67.5,-3.2353
-3901.3,61.1,68,0.0598,-4026,-3816,68,-3.3926
-3909.6,62.9,68.5,0.0598,-4033,-3817,68.5,-3.1505
-3917.9,64.6,69,0.0598,-4040,-3818,69,-3.0433
-3926.3,65.3,69.5,0.0598,-4048,-3822,69.5,-3.1462
-3934.7,65.9,70,0.0598,-4057,-3826,70,-3.3396
-3943.1,66.6,70.5,0.0598,-4065,-3829,70.5,-3.3949
-3951.4,67.3,71,0.0598,-4073,-3833,71,-3.3182
-3959.8,66.6,71.5,0.0598,-4077,-3841,71.5,-4.0043
-3968.2,65.9,72,0.0599,-4081,-3849,72,-3.4549
-3976.5,65.2,72.5,0.0599,-4085,-3856,72.5,-3.5225
-3984.9,64.5,73,0.06,-4089,-3864,73,-3.7622
-3993.2,62.9,73.5,0.06,-4091,-3872,73.5,-3.7345
-4001.5,61.2,74,0.0601,-4093,-3881,74,-3.622
-4009.8,59.6,74.5,0.0601,-4094,-3889,74.5,-3.7199
-4018.2,57.9,75,0.0602,-4096,-3897,75,-4.006
-4026.5,54.5,75.5,0.0601,-4097,-3910,75.5,-3.6018
-4034.8,51,76,0.0599,-4099,-3923,76,-3.6815
-4043.1,47.5,76.5,0.0598,-4100,-3936,76.5,-3.7981
-4051.4,44,77,0.0597,-4101,-3949,77,-3.9071
-4059.8,34.4,77.5,0.0661,-4100,-3981,77.5,-3.835
-4068.2,24.8,78,0.0725,-4100,-4012,78,-4.0701
-4076.7,15.2,78.5,0.0789,-4099,-4044,78.5,-3.8395
-4085.1,5.6,79,0.0853,-4098,-4075,79,-4.104
-4088.4,8.7,79.5,0.104,-4109,-4075,79.5,-3.8167
-4091.7,11.7,80,0.122,-4120,-4074,80,-4.1356
-4095,14.8,80.5,0.14,-4131,-4074,80.5,-3.9713
-4098.2,17.4,81,0.154,-4140,-4074,81,-4.2538
-4101.4,18.7,81.5,0.154,-4145,-4075,81.5,-3.9505
-4104.6,20,82,0.155,-4150,-4076,82,-4.3012
-4107.9,21.3,82.5,0.155,-4155,-4077,82.5,-4.2759
-4111.1,22.3,83,0.155,-4160,-4078,83,-4.2469
-4114.3,23,83.5,0.155,-4163,-4079,83.5,-4.0123
-4117.6,23.6,84,0.155,-4167,-4081,84,-4.4575
-4120.8,24.3,84.5,0.155,-4170,-4083,84.5,-3.9645
-4124,24.6,85,0.154,-4173,-4084,85,-4.2407
-4127.3,24.9,85.5,0.154,-4176,-4086,85.5,-4.1633
-4130.5,25.1,86,0.154,-4178,-4088,86,-4.3714
-4133.7,25.4,86.5,0.154,-4181,-4090,86.5,-4.0315
-4137,25.1,87,0.153,-4183,-4092,87,-4.3382
-4140.3,24.9,87.5,0.153,-4185,-4095,87.5,-4.2472
-4143.5,24.6,88,0.153,-4187,-4097,88,-4.1252
-4146.8,24.2,88.5,0.152,-4188,-4100,88.5,-3.9607
-4150.1,23.6,89,0.153,-4190,-4103,89,-4.3857
-4153.4,22.9,89.5,0.154,-4191,-4107,89.5,-4.0534
-4156.7,22.2,90,0.154,-4192,-4110,90,-4.2631
-4159.9,21.3,90.5,0.155,-4194,-4115,90.5,-3.7522
-4163.1,20,91,0.155,-4195,-4120,91,-4.3476
-4166.3,18.7,91.5,0.155,-4196,-4125,91.5,-3.6999
-4169.5,17.4,92,0.155,-4197,-4130,92,-4.3632
-4172.7,14.7,92.5,0.155,-4197,-4139,92.5,-3.7811
-4176,11.6,93,0.156,-4196,-4151,93,-4.2025
-4179.2,8.6,93.5,0.156,-4196,-4162,93.5,-3.9827
-4182.5,5.5,94,0.157,-4195,-4173,94,-4.3562
-4185.6,7.6,94.5,0.157,-4203,-4173,94.5,-3.946
-4188.7,9.8,95,0.158,-4212,-4174,95,-4.2732
-4191.9,11.9,95.5,0.158,-4220,-4174,95.5,-3.8203
-4195,14.1,96,0.159,-4228,-4174,96,-3.9251
-4198.1,16.2,96.5,0.159,-4237,-4175,96.5,-3.862
-4201.2,18.4,97,0.16,-4245,-4175,97,-4.0982
-4204.3,18.8,97.5,0.16,-4247,-4177,97.5,-3.8146
-4207.5,19.3,98,0.16,-4250,-4178,98,-4.0567
-4210.6,19.8,98.5,0.16,-4252,-4180,98.5,-3.6731
-4213.7,20.2,99,0.16,-4254,-4181,99,-4.1348
-4216.9,20.7,99.5,0.16,-4257,-4183,99.5,-3.6748
-4220,21.1,100,0.16,-4259,-4184,100,-3.8553
-4223.1,20.7,100.5,0.16,-4260,-4187,100.5,-3.7265
-4226.2,20.2,101,0.16,-4262,-4189,101,-4.1731
-4229.4,19.7,101.5,0.16,-4263,-4192,101.5,-3.777
-4232.5,19.2,102,0.16,-4264,-4195,102,-4.0665
-4235.6,18.8,102.5,0.16,-4266,-4197,102.5,-4.0902
-4238.7,18.3,103,0.16,-4267,-4200,103,-4.2582
-4241.8,16,103.5,0.159,-4267,-4208,103.5,-3.9607
-4245,13.7,104,0.158,-4267,-4217,104,-4.25
-4248.1,11.4,104.5,0.156,-4268,-4225,104.5,-4.4821
-4251.2,9.2,105,0.155,-4268,-4233,105,-4.3877
-4254.3,6.9,105.5,0.154,-4268,-4242,105.5,-3.9769
-4257.4,4.6,106,0.152,-4268,-4250,106,-4.0931
-4260.9,8,106.5,0.151,-4280,-4250,106.5,-3.7718
-4264.3,11.3,107,0.15,-4292,-4249,107,-4.2332
-4267.8,14.7,107.5,0.149,-4303,-4249,107.5,-4.09
-4271.2,18.1,108,0.148,-4315,-4248,108,-4.3877
-4274.6,19.9,108.5,0.148,-4322,-4249,108.5,-4.0473
-4277.9,21.3,109,0.148,-4327,-4249,109,-4.2372
-4281.3,22.6,109.5,0.148,-4333,-4250,109.5,-3.9378
-4284.6,23.9,110,0.148,-4338,-4251,110,-4.0953
-4288,24.9,110.5,0.148,-4343,-4252,110.5,-3.9637
-4291.4,25.5,111,0.148,-4346,-4253,111,-4.2946
-4294.8,26.2,111.5,0.148,-4350,-4254,111.5,-4.1323
-4298.2,26.9,112,0.148,-4353,-4255,112,-4.3298
-4301.6,27.4,112.5,0.148,-4357,-4257,112.5,-3.9104
-4305,27.7,113,0.148,-4360,-4259,113,-4.022
-4308.3,27.9,113.5,0.149,-4362,-4261,113.5,-3.9455
-4311.7,28.2,114,0.149,-4365,-4263,114,-3.9298
-4315,28.4,114.5,0.149,-4368,-4265,114.5,-3.7385
-4318.3,28.2,115,0.149,-4370,-4268,115,-4.2895
-4321.7,27.9,115.5,0.149,-4372,-4271,115.5,-3.978
-4325.1,27.7,116,0.148,-4374,-4274,116,-4.2041
-4328.4,27.4,116.5,0.148,-4376,-4277,116.5,-4.0546
-4331.8,26.8,117,0.148,-4377,-4281,117,-4.3974
-4335.2,26.2,117.5,0.148,-4378,-4284,117.5,-3.9731
-4338.6,25.5,118,0.148,-4379,-4288,118,-4.4545
-4342,24.9,118.5,0.148,-4380,-4291,118.5,-3.8785
-4345.4,23.9,119,0.148,-4381,-4295,119,-4.29
-4348.8,22.6,119.5,0.148,-4382,-4300,119.5,-3.9565
-4352.1,21.3,120,0.148,-4383,-4304,120,-4.4428
-4355.4,19.9,120.5,0.148,-4384,-4309,120.5,-3.9259
-4358.8,18.1,121,0.148,-4385,-4315,121,-4.3458
-4362.2,14.8,121.5,0.147,-4384,-4328,121.5,-3.9291
-4365.6,11.4,122,0.146,-4384,-4340,122,-4.2851
-4369,8,122.5,0.146,-4383,-4353,122.5,-3.6844
-4372.5,4.7,123,0.145,-4383,-4365,123,-4.058
-4375.9,8.1,123.5,0.145,-4395,-4365,123.5,-3.7744
-4379.4,11.5,124,0.144,-4407,-4364,124,-4.1757
-4382.9,14.9,124.5,0.144,-4418,-4364,124.5,-4.095
-4386.3,18.4,125,0.144,-4430,-4363,125,-4.4892
-4389.8,20.8,125.5,0.143,-4439,-4363,125.5,-3.8963
-4393.3,22.1,126,0.143,-4445,-4364,126,-4.2433
-4396.8,23.5,126.5,0.143,-4450,-4365,126.5,-3.9737
-4400.4,24.9,127,0.143,-4456,-4365,127,-4.2062
-4403.9,26.3,127.5,0.142,-4462,-4366,127.5,-3.9283
-4407.4,27,128,0.142,-4466,-4367,128,-4.0675
-4410.9,27.7,128.5,0.143,-4469,-4369,128.5,-4.0219
-4414.4,28.4,129,0.143,-4473,-4370,129,-4.33
-4417.9,29.1,129.5,0.143,-4476,-4371,129.5,-3.7485
-4421.4,29.5,130,0.143,-4480,-4373,130,-4.1609
-4424.9,29.8,130.5,0.143,-4483,-4375,130.5,-3.8777
-4428.4,30,131,0.143,-4486,-4377,131,-4.4695
-4431.9,30.3,131.5,0.143,-4490,-4379,131.5,-3.9131
-4435.4,30.5,132,0.143,-4493,-4381,132,-4.3179
-4438.9,30.3,132.5,0.143,-4495,-4384,132.5,-3.9985
-4442.4,30,133,0.143,-4497,-4387,133,-4.3172
-4445.9,29.8,133.5,0.143,-4499,-4390,133.5,-4.0091
-4449.4,29.6,134,0.143,-4501,-4393,134,-4.3391
-4452.9,29.1,134.5,0.142,-4503,-4397,134.5,-4.0141
-4456.4,28.4,135,0.142,-4504,-4400,135,-4.4066
-4459.9,27.7,135.5,0.142,-4506,-4403,135.5,-4.2057
-4463.4,27.1,136,0.142,-4507,-4407,136,-4.4797
-4466.9,26.4,136.5,0.142,-4509,-4410,136.5,-4.0272
-4470.5,25,137,0.142,-4510,-4416,137,-4.0993
-4474,23.7,137.5,0.143,-4511,-4422,137.5,-3.9813
-4477.5,22.3,138,0.143,-4512,-4427,138,-4.2311
-4481,20.9,138.5,0.143,-4513,-4433,138.5,-3.7529
-4484.5,18.7,139,0.144,-4514,-4442,139,-4.0712
-4488,15.6,139.5,0.145,-4513,-4453,139.5,-3.5517
-4491.4,12.4,140,0.147,-4513,-4465,140,-4.2284
-4494.9,9.3,140.5,0.148,-4512,-4476,140.5,-3.6905
-4498.3,6.2,141,0.149,-4512,-4488,141,-4.3109
-4501.5,8.9,141.5,0.15,-4522,-4488,141.5,-3.9149
-4504.8,11.6,142,0.151,-4532,-4488,142,-4.0847
-4508,14.3,142.5,0.152,-4542,-4488,142.5,-3.774
-4511.3,17,143,0.153,-4551,-4487,143,-3.9478
-4514.5,19.7,143.5,0.154,-4561,-4487,143.5,-4.1561
-4517.7,22.4,144,0.155,-4571,-4487,144,-4.4244
-4521,23.6,144.5,0.155,-4576,-4488,144.5,-3.9738
-4524.2,24.7,145,0.155,-4582,-4489,145,-4.4859
-4527.4,25.8,145.5,0.155,-4587,-4490,145.5,-4.031
-4530.7,27,146,0.155,-4592,-4491,146,-4.3563
-4533.9,28.1,146.5,0.155,-4598,-4492,146.5,-4.1222
-4537.1,29.2,147,0.155,-4603,-4493,147,-4.3491
-4540.4,29.8,147.5,0.155,-4606,-4494,147.5,-3.9363
-4543.6,30.3,148,0.155,-4609,-4496,148,-4.5894
-4546.8,30.8,148.5,0.155,-4613,-4497,148.5,-4.1744
-4550,31.4,149,0.155,-4616,-4498,149,-4.488
-4553.2,31.9,149.5,0.155,-4619,-4500,149.5,-4.0945
-4556.4,32.4,150,0.155,-4622,-4501,150,-4.4626
-4559.6,32.6,150.5,0.155,-4625,-4503,150.5,-4.0107
-4562.9,32.8,151,0.155,-4629,-4505,151,-4.3142
-4566.1,33,151.5,0.155,-4632,-4507,151.5,-3.9742
-4569.3,33.3,152,0.155,-4635,-4509,152,-4.5412
-4572.5,33.5,152.5,0.155,-4639,-4511,152.5,-3.8945
-4575.8,33.7,153,0.155,-4642,-4513,153,-4.2315
-4579,33.4,153.5,0.155,-4644,-4517,153.5,-3.9115
-4582.2,33.2,154,0.155,-4646,-4520,154,-4.2036
-4585.4,33,154.5,0.155,-4648,-4524,154.5,-3.9687
-4588.6,32.8,155,0.155,-4649,-4527,155,-4.1732
-4591.9,32.6,155.5,0.155,-4651,-4531,155.5,-3.8857
-4595.1,32.4,156,0.155,-4653,-4534,156,-4.5417
-4598.3,31.8,156.5,0.155,-4655,-4537,156.5,-3.8492
-4601.5,31.3,157,0.155,-4656,-4541,157,-4.2183
-4604.8,30.7,157.5,0.155,-4658,-4544,157.5,-3.833
-4608,30.2,158,0.155,-4659,-4547,158,-4.8204
-4611.2,29.6,158.5,0.155,-4661,-4551,158.5,-3.8549
-4614.5,29.1,159,0.155,-4662,-4554,159,-4.4678
-4617.7,28,159.5,0.155,-4663,-4559,159.5,-3.9991
-4620.9,26.8,160,0.155,-4664,-4563,160,-4.9048
-4624.1,25.7,160.5,0.155,-4665,-4568,160.5,-3.7934
-4627.3,24.6,161,0.155,-4665,-4573,161,-4.2811
-4630.5,23.4,161.5,0.155,-4666,-4577,161.5,-3.7228
-4633.8,22.3,162,0.155,-4667,-4582,162,-4.3326
-4637,19.6,162.5,0.148,-4667,-4592,162.5,-3.8843
-4640.2,16.8,163,0.14,-4667,-4602,163,-4.3223
-4643.4,14.1,163.5,0.133,-4667,-4613,163.5,-4.0527
-4646.6,11.4,164,0.126,-4667,-4623,164,-4.1347
-4649.8,8.7,164.5,0.118,-4667,-4633,164.5,-4.1035
-4653,5.9,165,0.111,-4667,-4643,165,-4.5067
-4658.9,10.6,165.5,0.106,-4683,-4643,165.5,-3.9151
-4664.7,15.3,166,0.102,-4699,-4643,166,-4.6245
-4670.5,20,166.5,0.0975,-4716,-4644,166.5,-3.6815
-4676.4,24.6,167,0.0932,-4732,-4644,167,-4.267
-4682.2,29.3,167.5,0.0889,-4748,-4644,167.5,-3.9702
-4688,32.1,168,0.0868,-4758,-4645,168,-3.9712
-4693.7,33,168.5,0.0869,-4763,-4647,168.5,-4.1298
-4699.4,33.9,169,0.087,-4767,-4649,169,-4.1634
-4705.1,34.8,169.5,0.0871,-4772,-4651,169.5,-3.6729
-4710.8,35.7,170,0.0873,-4776,-4653,170,-4.236
-4716.5,36.6,170.5,0.0874,-4781,-4655,170.5,-3.9456
-4722.2,35.7,171,0.0873,-4783,-4660,171,-4.2673
-4728,34.9,171.5,0.0871,-4786,-4664,171.5,-4.1943
-4733.7,34,172,0.087,-4788,-4669,172,-4.306
-4739.4,33.1,172.5,0.0868,-4790,-4673,172.5,-4.0915
-4745.2,32.2,173,0.0867,-4793,-4678,173,-4.7503
-4750.9,29.5,173.5,0.0887,-4794,-4688,173.5,-4.0957
-4756.7,25,174,0.0927,-4794,-4704,174,-4.5863
-4762.5,20.5,174.5,0.0968,-4794,-4720,174.5,-4.0585
-4768.3,16,175,0.101,-4795,-4736,175,-4.4467
-4774.1,11.5,175.5,0.105,-4795,-4752,175.5,-4.06
-4779.9,7,176,0.109,-4795,-4768,176,-4.5047
-4783.3,9.9,176.5,0.121,-4806,-4767,176.5,-4.2666
-4786.7,12.9,177,0.132,-4817,-4767,177,-4.8227
-4790.1,15.8,177.5,0.144,-4828,-4766,177.5,-4.0817
-4793.4,18,178,0.15,-4837,-4767,178,-4.4337
-4796.7,19.3,178.5,0.149,-4842,-4768,178.5,-4.028
-4800,20.6,179,0.149,-4848,-4770,179,-4.4625
-4803.4,22,179.5,0.149,-4853,-4771,179.5,-3.935
-4806.8,22.7,180,0.149,-4856,-4772,180,-4.474
-4810.2,23.3,180.5,0.15,-4860,-4774,180.5,-3.8081
-4813.6,24,181,0.15,-4863,-4775,181,-4.6378
-4816.9,24.5,181.5,0.151,-4866,-4777,181.5,-4.0298
-4820.1,24.7,182,0.152,-4869,-4779,182,-4.368
-4823.4,25,182.5,0.153,-4871,-4781,182.5,-3.9672
-4826.6,25.2,183,0.153,-4874,-4783,183,-4.5096
-4829.9,25,183.5,0.152,-4876,-4786,183.5,-3.9498
-4833.1,24.7,184,0.151,-4877,-4788,184,-4.6475
-4836.4,24.4,184.5,0.15,-4879,-4791,184.5,-3.9912
-4839.8,24,185,0.15,-4881,-4794,185,-4.3085
-4843.2,23.3,185.5,0.149,-4883,-4797,185.5,-3.9418
-4846.6,22.6,186,0.149,-4884,-4801,186,-4.4298
-4850,22,186.5,0.149,-4886,-4804,186.5,-3.9512
-4853.3,20.6,187,0.149,-4887,-4809,187,-4.2605
-4856.6,19.3,187.5,0.149,-4888,-4814,187.5,-4.0275
-4859.9,18,188,0.149,-4889,-4819,188,-4.4311
-4863.2,15.8,188.5,0.149,-4890,-4828,188.5,-3.9235
-4866.6,12.8,189,0.149,-4889,-4839,189,-4.444
-4870,9.7,189.5,0.149,-4889,-4850,189.5,-4.1957
-4873.4,6.7,190,0.149,-4888,-4861,190,-4.5529
-4876.7,9.6,190.5,0.149,-4899,-4861,190.5,-4.2609
-4880,12.5,191,0.15,-4910,-4861,191,-4.8524
-4883.3,15.5,191.5,0.15,-4920,-4860,191.5,-4.422
-4886.7,18.4,192,0.15,-4931,-4860,192,-4.8829
-4890,20.1,192.5,0.15,-4938,-4861,192.5,-4.2296
-4893.4,21.4,193,0.15,-4943,-4862,193,-4.8646
-4896.7,22.7,193.5,0.149,-4949,-4863,193.5,-4.3117
-4900.1,24,194,0.149,-4954,-4864,194,-4.5531
-4903.4,25,194.5,0.149,-4959,-4866,194.5,-4.5084
-4906.8,25.6,195,0.149,-4962,-4867,195,-4.7714
-4910.1,26.3,195.5,0.15,-4965,-4869,195.5,-4.3506
-4913.5,26.9,196,0.15,-4969,-4870,196,-4.623
-4916.8,27.4,196.5,0.15,-4972,-4871,196.5,-4.0661
-4920.1,27.7,197,0.15,-4975,-4873,197,-4.8598
-4923.4,27.9,197.5,0.15,-4978,-4875,197.5,-4.2555
-4926.8,28.2,198,0.151,-4981,-4877,198,-4.4184
-4930.1,28.4,198.5,0.151,-4984,-4879,198.5,-4.2537
-4933.4,28.2,199,0.151,-4986,-4882,199,-4.5904
-4936.7,27.9,199.5,0.15,-4988,-4884,199.5,-4.206
-4940.1,27.7,200,0.15,-4990,-4887,200,-4.4583
-4943.4,27.4,200.5,0.15,-4992,-4889,200.5,-4.2203
-4946.7,26.9,201,0.15,-4994,-4893,201,-4.359
-4950,26.3,201.5,0.15,-4995,-4897,201.5,-4.1111
-4953.4,25.7,202,0.15,-4996,-4900,202,-4.4447
-4956.7,25.1,202.5,0.15,-4997,-4904,202.5,-4.1341
-4960,24.1,203,0.15,-4999,-4908,203,-4.3286
-4963.4,22.8,203.5,0.15,-5000,-4913,203.5,-3.7688
-4966.7,21.5,204,0.149,-5001,-4918,204,-4.2409
-4970.1,20.3,204.5,0.149,-5002,-4923,204.5,-4.0593
-4973.4,18.6,205,0.148,-5003,-4930,205,-4.1407
-4976.8,15.7,205.5,0.143,-5003,-4941,205.5,-4.0165
-4980.1,12.8,206,0.138,-5003,-4952,206,-4.4488
-4983.4,10,206.5,0.134,-5003,-4963,206.5,-4.2585
-4986.7,7.1,207,0.129,-5003,-4974,207,-4.6854
-4991.2,11.4,207.5,0.125,-5019,-4973,207.5,-4.4409
-4995.6,15.6,208,0.121,-5035,-4973,208,-4.7306
-5000.1,19.9,208.5,0.116,-5051,-4972,208.5,-3.9856
-5004.5,22.9,209,0.115,-5062,-4973,209,-4.4172
-5008.8,24.7,209.5,0.115,-5069,-4974,209.5,-3.8948
-5013.1,26.5,210,0.115,-5075,-4976,210,-4.3166
-5017.4,28.3,210.5,0.116,-5082,-4977,210.5,-3.8238
-5021.7,29.2,211,0.115,-5087,-4979,211,-4.2834
-5026.1,30.1,211.5,0.115,-5091,-4980,211.5,-3.5922
-5030.4,31,212,0.115,-5096,-4982,212,-4.2206
-5034.8,31.6,212.5,0.115,-5099,-4984,212.5,-3.8895
-5039.2,32,213,0.114,-5102,-4987,213,-3.9596
-5043.5,32.4,213.5,0.114,-5104,-4989,213.5,-3.9968
-5047.9,32.8,214,0.114,-5107,-4992,214,-4.3203
-5052.4,32.4,214.5,0.114,-5110,-4995,214.5,-4.059
-5056.8,32,215,0.114,-5113,-4998,215,-4.3739
-5061.2,31.6,215.5,0.114,-5116,-5001,215.5,-3.843
-5065.6,31,216,0.114,-5118,-5004,216,-4.3183
-5069.9,30.1,216.5,0.114,-5119,-5008,216.5,-3.9835
-5074.3,29.3,217,0.114,-5121,-5013,217,-4.5018
-5078.6,28.4,217.5,0.113,-5122,-5017,217.5,-3.9091
-5083.1,26.5,218,0.114,-5123,-5024,218,-4.4909
-5087.5,24.5,218.5,0.114,-5125,-5031,218.5,-4.1456
-5092,22.6,219,0.114,-5126,-5038,219,-4.37
-5096.4,19.6,219.5,0.123,-5127,-5050,219.5,-4.0746
-5100.7,15.3,220,0.14,-5126,-5065,220,-4.4635
-5104.9,11.1,220.5,0.157,-5126,-5081,220.5,-3.9989
-5109.2,6.9,221,0.174,-5125,-5096,221,-4.1593
-5110.7,7.9,221.5,0.209,-5129,-5096,221.5,-4.4475
-5112.2,8.8,222,0.245,-5132,-5096,222,-4.8583
-5113.6,9.8,222.5,0.281,-5136,-5097,222.5,-4.222
-5115.1,10.8,223,0.317,-5140,-5097,223,-4.9274
-5116.6,11.6,223.5,0.339,-5143,-5097,223.5,-4.3768
-5118.1,12.2,224,0.338,-5146,-5098,224,-4.7465
-5119.6,12.9,224.5,0.337,-5149,-5098,224.5,-4.3651
-5121.1,13.5,225,0.337,-5152,-5098,225,-4.7755
-5122.6,14.2,225.5,0.336,-5155,-5099,225.5,-4.261
-5124.1,14.7,226,0.336,-5158,-5099,226,-4.6139
-5125.5,15.1,226.5,0.337,-5161,-5100,226.5,-4.3134
-5127,15.6,227,0.337,-5163,-5101,227,-4.3759
-5128.5,16,227.5,0.338,-5166,-5101,227.5,-4.3075
-5130,16.4,228,0.338,-5168,-5102,228,-4.3728
-5131.5,16.8,228.5,0.338,-5170,-5103,228.5,-4.4237
-5133,17.1,229,0.338,-5172,-5104,229,-4.5795
-5134.4,17.5,229.5,0.338,-5173,-5105,229.5,-4.4488
-5135.9,17.9,230,0.338,-5175,-5106,230,-4.8839
-5137.4,18.1,230.5,0.338,-5177,-5106,230.5,-4.4333
-5138.9,18.3,231,0.338,-5179,-5107,231,-4.6633
-5140.4,18.6,231.5,0.338,-5180,-5108,231.5,-4.5587
-5141.8,18.8,232,0.337,-5182,-5109,232,-4.8723
-5143.3,19,232.5,0.337,-5184,-5110,232.5,-4.5361
-5144.8,19.1,233,0.337,-5186,-5111,233,-4.8459
-5146.3,19.3,233.5,0.337,-5187,-5112,233.5,-4.6046
-5147.8,19.5,234,0.338,-5189,-5113,234,-4.9163
-5149.3,19.6,234.5,0.338,-5191,-5114,234.5,-4.529
-5150.7,19.8,235,0.338,-5192,-5115,235,-4.8541
-5152.2,19.9,235.5,0.338,-5194,-5116,235.5,-4.7622
-5153.7,19.9,236,0.338,-5195,-5117,236,-4.8681
-5155.1,20,236.5,0.338,-5197,-5119,236.5,-4.7887
-5156.6,20.1,237,0.338,-5198,-5120,237,-5.0431
-5158.1,20.2,237.5,0.338,-5200,-5121,237.5,-4.8512
-5159.6,20.2,238,0.338,-5201,-5122,238,-4.7819
-5161.1,20.3,238.5,0.338,-5203,-5123,238.5,-4.8808
-5162.6,20.4,239,0.338,-5204,-5125,239,-5.0968
-5164.1,20.4,239.5,0.337,-5206,-5126,239.5,-5.0892
-5165.5,20.4,240,0.337,-5207,-5127,240,-5.2801
-5167,20.3,240.5,0.337,-5209,-5129,240.5,-4.7948
-5168.5,20.2,241,0.337,-5210,-5130,241,-4.9249
-5169.9,20.2,241.5,0.337,-5211,-5131,241.5,-4.6171
-5171.4,20.1,242,0.337,-5212,-5132,242,-5.1697
-5172.9,20,242.5,0.337,-5213,-5134,242.5,-5.0565
-5174.4,19.9,243,0.337,-5215,-5135,243,-5.202
-5175.9,19.8,243.5,0.337,-5216,-5136,243.5,-4.6593
-5177.4,19.7,244,0.337,-5217,-5138,244,-4.9211
-5178.9,19.6,244.5,0.337,-5218,-5139,244.5,-4.689
-5180.3,19.4,245,0.338,-5219,-5141,245,-5.2349
-5181.8,19.3,245.5,0.339,-5220,-5143,245.5,-4.8325
-5183.3,19.1,246,0.34,-5221,-5144,246,-5.0815
-5184.8,19,246.5,0.341,-5222,-5146,246.5,-4.3945
-5186.2,18.8,247,0.341,-5223,-5148,247,-4.8399
-5187.7,18.6,247.5,0.341,-5224,-5150,247.5,-4.5253
-5189.2,18.3,248,0.341,-5225,-5151,248,-4.5606
-5190.6,18.1,248.5,0.341,-5226,-5153,248.5,-4.2624
-5192.1,17.9,249,0.34,-5226,-5155,249,-4.6601
-5193.6,17.5,249.5,0.34,-5227,-5158,249.5,-4.6604
-5195,17.2,250,0.339,-5228,-5160,250,-4.6429
-5196.5,16.9,250.5,0.339,-5228,-5162,250.5,-4.4136
-5198,16.5,251,0.338,-5229,-5165,251,-4.9159
-5199.5,16.1,251.5,0.338,-5230,-5167,251.5,-4.4298
-5201,15.7,252,0.337,-5231,-5169,252,-4.8821
-5202.4,15.3,252.5,0.337,-5231,-5171,252.5,-4.5963
-5203.9,14.9,253,0.337,-5232,-5173,253,-4.9676
-5205.4,14.4,253.5,0.336,-5233,-5176,253.5,-4.5259
-5206.9,13.8,254,0.337,-5234,-5178,254,-5.2734
-5208.4,13.2,254.5,0.337,-5234,-5181,254.5,-4.5286
-5209.9,12.6,255,0.337,-5235,-5183,255,-5.0161
-5211.4,11.9,255.5,0.337,-5236,-5186,255.5,-4.4991
-5212.8,11.1,256,0.333,-5236,-5189,256,-5.0727
-5214.3,10.2,256.5,0.327,-5236,-5193,256.5,-4.3069
-5215.8,9.3,257,0.32,-5235,-5197,257,-4.953
-5217.2,8.4,257.5,0.314,-5235,-5201,257.5,-4.2444
-5218.7,7.4,258,0.307,-5235,-5205,258,-4.7134
-5220.5,8.5,258.5,0.3,-5240,-5205,258.5,-4.1815
-5222.3,9.5,259,0.292,-5244,-5205,259,-4.7296
-5224.1,10.5,259.5,0.284,-5249,-5205,259.5,-4.182
-5225.9,11.3,260,0.28,-5253,-5205,260,-5.3822
-5227.7,11.9,260.5,0.278,-5256,-5206,260.5,-4.4587
-5229.4,12.5,261,0.277,-5260,-5207,261,-4.7701
-5231.2,13.1,261.5,0.276,-5263,-5208,261.5,-4.4501
-5233.1,13.4,262,0.277,-5264,-5209,262,-4.9637
-5234.9,13.7,262.5,0.279,-5266,-5211,262.5,-4.7056
-5236.8,14,263,0.28,-5267,-5212,263,-4.6995
-5238.5,14.2,263.5,0.281,-5269,-5214,263.5,-4.5604
-5240.3,14.3,264,0.283,-5270,-5215,264,-4.8683
-5242,14.5,264.5,0.284,-5272,-5216,264.5,-4.2617
-5243.7,14.6,265,0.285,-5273,-5217,265,-4.5308
-5245.5,14.5,265.5,0.284,-5274,-5218,265.5,-4.2504
-5247.3,14.4,266,0.283,-5276,-5220,266,-4.6193
-5249.1,14.3,266.5,0.281,-5277,-5221,266.5,-4.5035
-5250.8,14.1,267,0.281,-5279,-5223,267,-4.9927
-5252.6,13.8,267.5,0.281,-5280,-5225,267.5,-4.5363
-5254.4,13.5,268,0.281,-5281,-5226,268,-4.7828
-5256.2,13.2,268.5,0.281,-5282,-5228,268.5,-4.2948
-5257.9,12.7,269,0.281,-5283,-5231,269,-5.1791
-5259.7,12.1,269.5,0.281,-5284,-5234,269.5,-4.291
-5261.5,11.6,270,0.28,-5285,-5237,270,-4.7463
-5263.3,10.8,270.5,0.264,-5286,-5241,270.5,-4.3765
-5265,9.9,271,0.233,-5286,-5245,271,-4.8874
-5266.7,8.9,271.5,0.201,-5286,-5250,271.5,-4.3484
-5268.5,7.9,272,0.169,-5286,-5254,272,-4.6621
-5272.6,9.6,272.5,0.161,-5293,-5255,272.5,-4.3961
-5276.8,11.3,273,0.153,-5300,-5256,273,-4.9615
-5280.9,13,273.5,0.145,-5308,-5258,273.5,-4.6042
-5285.1,14.7,274,0.137,-5315,-5259,274,-4.7618
-5289.2,16.5,274.5,0.129,-5322,-5260,274.5,-4.0159
-5293.4,18.2,275,0.121,-5329,-5261,275,-4.7832
-5297.5,16.6,275.5,0.124,-5330,-5268,275.5,-4.0876
-5301.6,15,276,0.126,-5332,-5275,276,-4.5541
-5305.7,13.4,276.5,0.129,-5333,-5282,276.5,-4.1953
-5309.8,11.8,277,0.131,-5334,-5288,277,-4.5046
-5313.9,10.2,277.5,0.134,-5336,-5295,277.5,-4.8236
-5318,8.7,278,0.136,-5337,-5302,278,-4.928
-5321.3,11.1,278.5,0.14,-5347,-5302,278.5,-4.4046
-5324.5,13.6,279,0.144,-5357,-5302,279,-4.8026
-5327.7,16.1,279.5,0.147,-5366,-5302,279.5,-4.4548
-5330.9,18.6,280,0.151,-5376,-5302,280,-4.714
-5334.2,21,280.5,0.154,-5386,-5302,280.5,-4.2632
-5337.4,22.2,281,0.154,-5391,-5303,281,-4.8498
-5340.7,23.4,281.5,0.154,-5396,-5304,281.5,-4.5332
-5343.9,24.6,282,0.154,-5400,-5306,282,-4.6449
-5347.2,25.8,282.5,0.153,-5405,-5307,282.5,-4.4661
-5350.4,26.9,283,0.153,-5410,-5308,283,-4.6376
-5353.7,27.5,283.5,0.153,-5413,-5310,283.5,-4.6177
-5357,28.1,284,0.153,-5417,-5311,284,-4.935
-5360.3,28.7,284.5,0.153,-5420,-5313,284.5,-4.3324
-5363.6,29.3,285,0.153,-5424,-5314,285,-4.7516
-5366.8,29.8,285.5,0.154,-5427,-5316,285.5,-4.4025
-5370.1,30.1,286,0.154,-5430,-5318,286,-5.063
-5373.3,30.3,286.5,0.154,-5433,-5320,286.5,-4.5915
-5376.5,30.5,287,0.154,-5436,-5322,287,-4.7652
-5379.8,30.8,287.5,0.154,-5439,-5324,287.5,-4.5447
-5383,31,288,0.154,-5442,-5326,288,-5.1965
-5386.3,30.8,288.5,0.154,-5444,-5329,288.5,-4.3543
-5389.5,30.6,289,0.154,-5447,-5332,289,-4.977
-5392.8,30.4,289.5,0.154,-5449,-5335,289.5,-4.4064
-5396,30.1,290,0.154,-5452,-5338,290,-4.6497
-5399.3,29.9,290.5,0.154,-5454,-5341,290.5,-4.5369
-5402.5,29.4,291,0.154,-5456,-5345,291,-4.738
-5405.7,28.9,291.5,0.154,-5457,-5348,291.5,-4.4356
-5409,28.3,292,0.154,-5459,-5352,292,-4.7361
-5412.2,27.8,292.5,0.154,-5460,-5355,292.5,-4.4823
-5415.5,27.3,293,0.155,-5462,-5359,293,-5.138
-5418.7,26.2,293.5,0.155,-5464,-5364,293.5,-4.44
-5421.9,25.1,294,0.155,-5465,-5368,294,-5.0052
-5425.2,24,294.5,0.154,-5467,-5373,294.5,-4.5118
-5428.4,22.9,295,0.154,-5468,-5377,295,-4.7258
-5431.6,21.8,295.5,0.154,-5470,-5382,295.5,-4.4387
-5434.9,19.5,296,0.15,-5470,-5391,296,-4.9423
-5438.1,17.3,296.5,0.145,-5470,-5400,296.5,-4.4784
-5441.4,15.1,297,0.141,-5471,-5410,297,-4.642
-5444.6,12.9,297.5,0.136,-5471,-5419,297.5,-4.287
-5447.9,10.7,298,0.132,-5471,-5428,298,-4.6302
-5452.2,12,298.5,0.127,-5478,-5430,298.5,-4.1079
-5456.5,13.4,299,0.123,-5485,-5432,299,-4.593
-5460.9,14.8,299.5,0.118,-5491,-5434,299.5,-4.0505
-5465.2,16.1,300,0.114,-5498,-5436,300,-4.2883
-5469.6,14.8,300.5,0.125,-5500,-5443,300.5,-4.3462
-5474.1,13.5,301,0.135,-5502,-5450,301,-4.7731
-5478.6,12.1,301.5,0.146,-5504,-5456,301.5,-4.7385
-5483,10.8,302,0.157,-5506,-5463,302,-4.8063
-5484.9,12.1,302.5,0.188,-5511,-5463,302.5,-4.6191
-5486.9,13.3,303,0.22,-5516,-5462,303,-4.7802
-5488.8,14.5,303.5,0.251,-5521,-5462,303.5,-4.7387
-5490.7,15.6,304,0.263,-5525,-5462,304,-5.0146
-5492.6,16.5,304.5,0.264,-5529,-5463,304.5,-4.8446
-5494.4,17.4,305,0.264,-5533,-5464,305,-5.1358
-5496.3,18.3,305.5,0.264,-5537,-5464,305.5,-4.7953
-5498.2,19,306,0.264,-5542,-5465,306,-4.9962
-5500.1,19.8,306.5,0.263,-5546,-5466,306.5,-4.5453
-5502,20.5,307,0.263,-5550,-5467,307,-5.1561
-5503.9,21.2,307.5,0.263,-5553,-5468,307.5,-4.683
-5505.8,21.9,308,0.263,-5555,-5469,308,-4.7843
-5507.7,22.5,308.5,0.262,-5558,-5470,308.5,-5.1439
-5509.6,23.1,309,0.262,-5561,-5470,309,-4.848
-5511.6,23.6,309.5,0.263,-5564,-5471,309.5,-4.9685
-5513.5,24.1,310,0.263,-5567,-5472,310,-5.2358
-5515.4,24.6,310.5,0.263,-5570,-5473,310.5,-4.7608
-5517.3,25,311,0.264,-5573,-5474,311,-5.2076
-5519.2,25.4,311.5,0.265,-5575,-5476,311.5,-4.3491
-5521,25.9,312,0.265,-5577,-5477,312,-5.0969
-5522.9,26.3,312.5,0.265,-5580,-5478,312.5,-4.5157
-5524.8,26.6,313,0.265,-5582,-5479,313,-5.0762
-5526.7,27,313.5,0.265,-5584,-5479,313.5,-4.381
-5528.6,27.3,314,0.265,-5586,-5480,314,-4.7974
-5530.5,27.7,314.5,0.264,-5589,-5481,314.5,-4.6247
-5532.4,28,315,0.263,-5592,-5482,315,-4.9458
-5534.2,28.4,315.5,0.262,-5595,-5483,315.5,-4.6802
-5536.2,28.6,316,0.262,-5598,-5484,316,-5.384
-5538.1,28.9,316.5,0.263,-5600,-5485,316.5,-4.4948
-5540,29.1,317,0.263,-5603,-5487,317,-5.0328
-5541.9,29.4,317.5,0.263,-5605,-5488,317.5,-4.688
-5543.8,29.6,318,0.263,-5607,-5489,318,-5.1232
-5545.7,29.8,318.5,0.263,-5609,-5491,318.5,-4.7081
-5547.6,30,319,0.263,-5611,-5492,319,-5.3317
-5549.5,30.2,319.5,0.264,-5613,-5494,319.5,-4.4778
-5551.4,30.4,320,0.264,-5615,-5495,320,-4.9677
-5553.3,30.6,320.5,0.265,-5617,-5497,320.5,-4.8348
-5555.2,30.8,321,0.265,-5619,-5498,321,-5.1294
-5557.1,30.9,321.5,0.266,-5620,-5499,321.5,-4.5647
-5558.9,31.1,322,0.267,-5622,-5500,322,-5.1971
-5560.8,31.2,322.5,0.267,-5624,-5502,322.5,-4.7489
-5562.6,31.3,323,0.267,-5626,-5503,323,-4.8863
-5564.5,31.4,323.5,0.266,-5628,-5505,323.5,-4.5428
-5566.4,31.5,324,0.265,-5630,-5506,324,-4.9872
-5568.3,31.6,324.5,0.264,-5632,-5508,324.5,-4.5326
-5570.2,31.7,325,0.263,-5634,-5510,325,-5.3036
-5572.1,31.8,325.5,0.262,-5636,-5512,325.5,-4.6336
-5574,31.8,326,0.261,-5639,-5513,326,-5.1254
-5575.9,31.9,326.5,0.262,-5641,-5515,326.5,-4.6579
-5577.9,31.9,327,0.262,-5643,-5516,327,-4.8171
-5579.8,32,327.5,0.262,-5645,-5518,327.5,-4.7261
-5581.7,32,328,0.263,-5647,-5519,328,-5.1324
-5583.6,32.1,328.5,0.264,-5650,-5521,328.5,-4.7553
-5585.5,32.1,329,0.265,-5652,-5522,329,-5.0684
-5587.4,32.1,329.5,0.265,-5653,-5524,329.5,-4.6265
-5589.2,32,330,0.264,-5655,-5526,330,-5.3169
-5591.1,31.9,330.5,0.264,-5656,-5528,330.5,-4.4676
-5593,31.9,331,0.264,-5658,-5530,331,-5.0345
-5594.9,31.9,331.5,0.264,-5659,-5533,331.5,-4.401
-5596.8,31.8,332,0.263,-5661,-5535,332,-4.724
-5598.7,31.8,332.5,0.263,-5662,-5537,332.5,-4.2313
-5600.6,31.7,333,0.263,-5664,-5539,333,-5.1452
-5602.5,31.6,333.5,0.264,-5665,-5541,333.5,-4.5944
-5604.4,31.5,334,0.264,-5667,-5543,334,-4.59
-5606.3,31.4,334.5,0.265,-5668,-5545,334.5,-4.5702
-5608.2,31.3,335,0.266,-5670,-5546,335,-5.1335
-5610.1,31.2,335.5,0.267,-5671,-5548,335.5,-4.553
-5611.9,31.1,336,0.266,-5673,-5550,336,-4.6959
-5613.8,30.9,336.5,0.265,-5674,-5553,336.5,-5.1313
-5615.6,30.7,337,0.264,-5676,-5555,337,-5.755
-5617.5,30.6,337.5,0.262,-5677,-5557,337.5,-4.6921
-5619.5,30.4,338,0.262,-5679,-5559,338,-5.0117
-5621.4,30.2,338.5,0.261,-5680,-5561,338.5,-5.0777
-5623.4,30,339,0.261,-5682,-5563,339,-5.6493
-5625.3,29.8,339.5,0.261,-5683,-5565,339.5,-4.7081
-5627.2,29.6,340,0.262,-5684,-5567,340,-4.9579
-5629,29.4,340.5,0.263,-5685,-5569,340.5,-4.7966
-5630.9,29.1,341,0.264,-5686,-5571,341,-5.6148
-5632.9,28.9,341.5,0.266,-5688,-5574,341.5,-4.8336
-5634.8,28.6,342,0.268,-5689,-5576,342,-5.2671
-5636.7,28.4,342.5,0.27,-5690,-5579,342.5,-5.3021
-5638.5,28,343,0.268,-5691,-5582,343,-5.3677
-5640.3,27.7,343.5,0.266,-5692,-5584,343.5,-5.0941
-5642.1,27.4,344,0.265,-5693,-5587,344,-5.2623
-5644,27,344.5,0.263,-5694,-5589,344.5,-4.9585
-5646,26.6,345,0.261,-5695,-5592,345,-5.4013
-5648,26.2,345.5,0.259,-5696,-5594,345.5,-4.9774
-5650,25.8,346,0.258,-5697,-5597,346,-5.2007
-5651.8,25.4,346.5,0.26,-5698,-5599,346.5,-4.6894
-5653.7,24.9,347,0.261,-5700,-5601,347,-5.3304
-5655.6,24.4,347.5,0.263,-5701,-5604,347.5,-4.8414
-5657.5,24,348,0.263,-5702,-5607,348,-5.3688
-5659.4,23.5,348.5,0.262,-5703,-5610,348.5,-4.5135
-5661.4,23,349,0.262,-5704,-5613,349,-4.8367
-5663.3,22.5,349.5,0.262,-5704,-5617,349.5,-4.6972
-5665.2,21.8,350,0.263,-5705,-5620,350,-5.0173
-5667.1,21.2,350.5,0.264,-5706,-5623,350.5,-4.6901
-5669,20.5,351,0.265,-5707,-5626,351,-5.0051
-5670.8,19.8,351.5,0.265,-5708,-5629,351.5,-4.1826
-5672.7,19.1,352,0.265,-5709,-5632,352,-4.5979
-5674.6,18.4,352.5,0.265,-5710,-5635,352.5,-4.4257
-5676.5,17.5,353,0.265,-5710,-5640,353,-4.3489
-5678.4,16.6,353.5,0.265,-5711,-5644,353.5,-4.6131
-5680.3,15.7,354,0.264,-5712,-5649,354,-5.0666
-5682.2,14.7,354.5,0.264,-5712,-5654,354.5,-5.0824
-5684.1,13.5,355,0.264,-5712,-5659,355,-4.9741
-5686,12.3,355.5,0.263,-5712,-5663,355.5,-4.9027
-5687.9,11.1,356,0.263,-5712,-5668,356,-5.2475
